时间,分类,图题,图文,标题,地图,作者,来源,经度,纬度,所在府县
1223,城市地图,楷书,楷书,《台州府罗城图》,,,《嘉定赤城志》（嘉庆二十三年重刊本）,121.144,28.880,台州府
1223,区域地图,楷书,楷书,《台州州境图》,,,《嘉定赤城志》（嘉庆二十三年重刊本）,121.144,28.880,台州州
1225,城市地图,,楷书,《鄞县罗城图》,,,《宝庆四明志》,121.549,29.868,鄞县
1225,区域地图,楷书,楷书,《宁波府境图》,,,《宝庆四明志》,121.549,29.868,宁波府
1461,区域地图,,楷书,《山东地理图》,,,《大明一统志》,117.120,36.651,山东省
1488,区域地图,,楷书,《山东总图》,,,《志略》,117.120,36.651,山东省
1548,区域地图,楷书,楷书,《莱芜县境之图》,,,《莱芜县志》,117.659,36.202,莱芜县
1575,区域地图,楷书,楷书,《会稽分治图》,,,《会稽县志》,120.580,30.002,会稽县
1586,区域地图,,楷书,《嵊县境图》,,,《绍兴府志》,120.821,29.588,嵊县
1586,区域地图,楷书,楷书,《绍兴府八县总图》,,,《绍兴府志》,120.580,30.002,绍兴府
1596,区域地图,,楷书,《泗水县城图》,,,《泗水县志》（康熙元年增刊）,117.272,35.653,泗水县
1598,区域地图,,楷书,《恩县疆域图》,,,《恩县志》（雍正元年重刊）,116.280,37.220,恩县
1600,城市地图,楷书,楷书,《东昌府城图》,,,《东昌府志》,115.985,36.456,东昌府
1600,区域地图,,楷书,《东昌府馆陶县疆域图》,,,《东昌府志》,115.280,36.530,馆陶县
1600,区域地图,楷书,楷书,《登州府总图》,,,《登州府志》,120.760,37.810,登州府
1600,区域地图,,楷书,《东昌府临清州疆域图》,,,《东昌府志》,115.711,36.845,临清州
1604,区域地图,楷书,楷书,《胶州境图》,,,《莱州府志》,120.000,36.280,胶州
1609,区域地图,楷书,楷书,《朔漠图》,,,《1609中国古地图集》,110.000,43.000,朔漠
1609,区域地图,楷书,楷书,《廉州府境图》,,,《1609中国古地图集》,109.200,21.660,廉州府
1613,区域地图,,楷书,《南直隶郡县图》,,,《图书编》,118.796,32.060,南直隶
1613,区域地图,,楷书,《南直隶图》,,,《图书编》,118.796,32.060,南直隶
1615,区域地图,楷书,楷书,《青州府总图》,,,《青州府志》,118.480,36.680,青州府
1615,区域地图,楷书,楷书,《沂水县境图》,,,《青州府志》,118.630,35.790,沂水县
1624,城市地图,楷书,楷书,《慈谿县治图》,,,《慈谿县志》,121.260,30.170,慈谿县
1624,区域地图,楷书,楷书,《慈谿县境图》,,,《慈谿县志》,121.260,30.170,慈谿县
1629,区域地图,楷书,楷书,《太仓州治图》,,,《太仓州志》,121.100,31.450,太仓州
1629,区域地图,楷书,楷书,《太仓州嘉定县界图》,,,《太仓州志>》,121.250,31.380,嘉定县
1640,区域地图,楷书,楷书,《六府总图》,,,《历城县志》,117.120,36.651,济南府
1640,城市地图,楷书,楷书,《济南城图》,,,《历城县志》,117.120,36.651,济南府
1640,区域地图,楷书,楷书,《济南府图》,,,《历城县志》,117.120,36.651,济南府
1644,区域地图,,楷书,《抚州府疆域之图》,,,《抚州府志》,116.350,27.980,抚州府
1644,城市地图,楷书,楷书,《三路总图》,,,,117.120,36.651,济南府
1644,区域地图,,楷书,《涉县舆图》,,,,113.670,36.580,涉县
1660,区域地图,,楷书,《石城县图》,,,《石城县志》,116.340,26.320,石城县
1660,区域地图,楷书,楷书,《招远县境图》,,,《招远县志》,120.400,37.360,招远县
1661,区域地图,楷书,楷书,《兖州府总图》,,,《邹志》,116.820,35.550,兖州府
1663,区域地图,楷书,楷书,《南昌县境图》,,,《南昌郡乘》,115.890,28.680,南昌县
1663,城市地图,楷书,楷书,《奉新县境图》,,,《奉新县境图》,115.400,28.690,奉新县
1663,区域地图,楷书,楷书,《聊城县境图》,,,《聊城县志》,115.985,36.456,聊城县
1665,区域地图,楷书,楷书,《宜黄县境之图》,,,《抚州府志》,116.270,27.550,宜黄县
1665,区域地图,楷书,楷书,《金溪县境之图》,,,《抚州府志》,116.770,27.770,金溪县
1665,区域地图,楷书,楷书,《乐安县境之图》,,,《抚州府志》,115.830,27.430,乐安县
1665,区域地图,楷书,楷书,《崇仁县境之图》,,,《抚州府志》,116.050,27.760,崇仁县
1667,城市地图,楷书,楷书,《江宁县治图》,,,《老地图|南京旧影》,118.796,32.060,江宁县
1668,城市地图,楷书,楷书,《江宁府学宫图》,,,《老地图|南京旧影》,118.796,32.060,江宁府
1670,城市地图,楷书,楷书,《袁州府郡治图》,,,《袁州府志》,114.390,27.790,袁州府
1670,城市地图,楷书,楷书,《袁州府城图》,,,《袁州府志》,114.390,27.790,袁州府
1670,城市地图,楷书,楷书,《海丰县城市图》,,,《海丰县志》,115.330,22.970,海丰县
1671,区域地图,楷书,楷书,《新昌县舆地图》,,,《新昌县志》,120.900,29.490,新昌县
1671,区域地图,楷书,楷书,《山阴县境图（一）》,,,《山阴县志》,120.580,30.002,山阴县
1671,区域地图,楷书,楷书,《山阴县分治图》,,,《山阴县志》,120.580,30.002,山阴县
1672,区域地图,,楷书,《余姚县境图》,,,《绍兴府志》（康熙二十二年增刊本）,121.150,30.040,余姚县
1672,城市地图,楷书,楷书,《绍兴府旧子城图》,,,《绍兴府志》（康熙二十二年增刊本）,120.580,30.002,绍兴府
1672,区域地图,楷书,楷书,《绍兴府八县总图》,,,《绍兴府志》（康熙二十二年增刊本）,120.580,30.002,绍兴府
1672,区域地图,楷书,楷书,《南安县疆域图》,,,《南安县志》,118.380,24.960,南安县
1673,区域地图,,楷书,《会稽四境图》,,,《会稽县志》,120.580,30.002,会稽县
1673,城市地图,楷书,楷书,《绍兴府城图》,,,《会稽县志》,120.580,30.002,绍兴府
1673,区域地图,楷书,楷书,《利津县境图（一）》,,,《利津县新志》（乾隆二十三年校刊）,118.250,37.490,利津县
1673,区域地图,楷书,楷书,《郡邑疆宇总图》,,,《濮州志》,115.500,35.850,濮州
1673,区域地图,楷书,楷书,《日照县疆域图》,,,《日照县志》,119.460,35.420,日照县
1673,区域地图,,楷书,《安义县图》,,,《南康府志》,115.550,28.840,安义县
1673,区域地图,楷书,楷书,《诸城县境图》,,,《诸城县志》,119.400,35.990,诸城县
1673,区域地图,楷书,楷书,《朝城县治总图》,,,《朝城县志》,115.420,36.110,朝城县
1674,区域地图,楷书,楷书,《曹州古迹图》,,,《曹州志》,115.460,35.240,曹州
1674,区域地图,楷书,楷书,《沂州总图》,,,《沂州志》,118.340,35.060,沂州
1675,区域地图,楷书,楷书,《宿松县图》,,,《安庆府志》,116.120,30.150,宿松县
1678,区域地图,楷书,楷书,《莱阳县治图》,,,《莱阳县志》,120.710,36.970,莱阳县
1680,区域地图,楷书,楷书,《仙居县境图（一）》,,,《仙居县志》,120.730,28.850,仙居县
1683,区域地图,楷书,楷书,《瑞州府图》,,,《江西通志》,115.370,28.410,瑞州府
1683,区域地图,,楷书,《太平县境图（四）》,,,《太平县志》,118.000,30.290,太平县
1683,区域地图,楷书,楷书,《临江府图》,,,《江西通志》,115.540,28.050,临江府
1683,区域地图,楷书,楷书,《饶州府图》,,,《江西通志》,116.690,28.990,饶州府
1683,区域地图,楷书,楷书,《鄱阳县舆地图》,,,《鄱阳县志》,116.690,28.990,鄱阳县
1683,区域地图,,楷书,《鄱阳县图》,,,《饶州府志》,116.690,28.990,鄱阳县
1683,区域地图,,楷书,《乐平县境图》,,,《饶州府志》,117.120,28.960,乐平县
1683,区域地图,,楷书,《浮梁县图》,,,《饶州府志》,117.210,29.350,浮梁县
1683,区域地图,楷书,楷书,《南康府图》,,,《江西通志》,116.040,29.440,南康府
1683,区域地图,楷书,楷书,《吉安府图》,,,《江西通志》,114.980,27.110,吉安府
1683,区域地图,楷书,楷书,《南安府图》,,,《江西通志》,114.360,25.390,南安府
1683,城市地图,楷书,楷书,《桐城城内外街道图》,,,《桐城续修县志》,116.950,30.940,桐城县
1684,区域地图,楷书,楷书,《台州府图》,,,《浙江通志》,121.144,28.880,台州府
1684,区域地图,楷书,楷书,《绍兴府八县总图》,,,《浙江通志》,120.580,30.002,绍兴府
1684,区域地图,楷书,楷书,《宁波府图》,,,《浙江通志》,121.549,29.868,宁波府
1684,区域地图,楷书,楷书,《含山县山川图考》,,,《含山县志》,118.100,31.740,含山县
1685,区域地图,,楷书,《蒙阴县境图》,,,《蒙阴县志》,117.940,35.710,蒙阴县
1686,区域地图,楷书,楷书,《东平州图》,,,《兖州府志》,116.270,35.930,东平州
1691,区域地图,楷书,楷书,《诏安县境总图（二）》,,,《诏安县志》,117.170,23.710,诏安县
1691,城市地图,楷书,楷书,《诏安县城池之图》,,,《诏安县志》,117.170,23.710,诏安县
1693,区域地图,,楷书,《蒲台县境图》,,,《蒲台县志》,118.040,37.250,蒲台县
1693,区域地图,楷书,楷书,《休宁县隅都图》,,,《休宁县志》,118.180,29.780,休宁县
1695,城市地图,楷书,楷书,《宜兴县城图》,,,《常州府志》,119.820,31.360,宜兴县
1699,城市地图,楷书,楷书,《歙县治城垣图》,,,《徽州府志》,118.430,29.860,歙县
1699,城市地图,楷书,楷书,《休宁县治城垣图》,,,《徽州府志》,118.180,29.780,休宁县
1699,区域地图,楷书,楷书,《祁门县图》,,,《徽州府志》,117.710,29.850,祁门县
1699,区域地图,楷书,楷书,《黟县图》,,,《徽州府志》,117.930,29.920,黟县
1700,区域地图,楷书,楷书,《松溪县疆域图》,,,《松溪县志》,118.780,27.520,松溪县
1708,区域地图,楷书,楷书,《钜野县图》,,,《巨野县志》,116.090,35.390,钜野县
1709,区域地图,楷书,楷书,《沂水县境图》,,,《青州府志》,118.630,35.790,沂水县
1710,区域地图,楷书,楷书,《南安郡境图》,,,《南安府志》,114.360,25.390,南安府
1710,城市地图,楷书,楷书,《南安郡治图》,,,《南安府志》,114.360,25.390,南安府
1711,城市地图,,楷书,《堂邑县城池图》,,,《堂邑县志》（光绪十八年重刊）,115.985,36.456,堂邑县
1715,区域地图,楷书,楷书,《定海县大展岙图》,,,《定海县志》,122.100,30.010,定海县
1715,区域地图,楷书,楷书,《长山县幅员图》,,,《长山县志》,117.750,36.870,长山县
1716,区域地图,楷书,楷书,《阳谷县四境图》,,,《阳谷县志》,115.780,36.110,阳谷县
1717,区域地图,,楷书,《莘县总图》,,,《莘县志》,115.670,36.230,莘县
1717,区域地图,楷书,楷书,《诸罗县山后图（一）》,,,《诸罗县志》,120.440,23.480,诸罗县
1722,区域地图,楷书,楷书,《宁海县治图》,,,《台州府志》,121.420,29.280,宁海县
1722,城市地图,楷书,楷书,《台州府治图临海附郭》,,,《台州府志》,121.144,28.880,台州府
1722,区域地图,楷书,楷书,《台州府境总图》,,,《台州府志》,121.144,28.880,台州府
1729,区域地图,,楷书,《泰顺县境之图》,,,《泰顺县志》,119.710,27.550,泰顺县
1729,区域地图,楷书,楷书,《宁波府境图》,,,《宁波府志》（道光二十六年重刊）,121.549,29.868,宁波府
1730,区域地图,楷书,楷书,《慈谿县境图（一）》,,,《慈谿县志》,121.260,30.170,慈谿县
1731,区域地图,楷书,楷书,《江南十六府八州分界图》,,,《老地图|南京旧影》,118.796,32.060,江南
1733,区域地图,楷书,楷书,《处州府城图》,,,《处州府志》,119.920,28.450,处州府
1733,区域地图,楷书,楷书,《处州府境总图》,,,《处州府志》,119.920,28.450,处州府
1733,区域地图,,楷书,《乐安县城图》,,,《乐安县志》,115.830,27.430,乐安县
1736,区域地图,楷书,楷书,《山东全省图》,,,《山东通志》,117.120,36.651,山东省
1736,区域地图,楷书,楷书,《馆陶县境图》,,,《馆陶县志》（光绪十九年重刊）,115.280,36.530,馆陶县
1736,区域地图,楷书,楷书,《淮安府统六县图》,,,《江南通志》,119.010,33.610,淮安府
1736,区域地图,楷书,楷书,《宁国府统六县图》,,,《江南通志》,118.750,30.950,宁国府
1736,区域地图,楷书,楷书,《凤阳府统二州七县图》,,,《江南通志》,117.550,32.860,凤阳府
1736,区域地图,楷书,楷书,《颍州府统一州五县图》,,,《江南通志》,115.810,32.890,颍州府
1737,区域地图,楷书,楷书,《台湾府四县图》,,,《福建通志》,120.200,23.000,台湾府
1737,区域地图,楷书,楷书,《福建全省地图》,,,《福建通志》,119.300,26.080,福建省
1737,城市地图,楷书,楷书,《福州府城池图》,,,《福建通志》,119.290,26.070,福州府
1737,城市地图,楷书,楷书,《永春州城池图》,,,《福建通志》,118.290,25.320,永春州
1737,区域地图,楷书,楷书,《延平府六县图》,,,《福建通志》,118.170,26.630,延平府
1740,区域地图,楷书,楷书,《胶州图》,,,《莱州府志》,120.000,36.280,胶州
1742,城市地图,,楷书,《威海卫城图》,,,《威海卫志》（民国十八年重刊）,122.110,37.510,威海卫
1742,区域地图,楷书,楷书,《昌邑县境图》,,,《昌邑县志》,119.390,36.850,昌邑县
1742,区域地图,楷书,楷书,《昌邑县城图》,,,《昌邑县志》,119.390,36.850,昌邑县
1742,区域地图,楷书,楷书,《澎湖图》,,,《重修福建台湾府志》,119.570,23.560,澎湖
1743,区域地图,,楷书,《淄川县幅员图》,,,《淄川县志》,117.960,36.640,淄川县
1746,区域地图,楷书,楷书,《旧吴江县全境图》,,,《震泽县志》,120.640,31.150,吴江县
1747,区域地图,楷书,楷书,《台湾县图》,,,《台湾府志》,120.200,23.000,台湾县
1747,区域地图,楷书,楷书,《诸罗县图》,,,《台湾府志》,120.440,23.480,诸罗县
1747,区域地图,楷书,楷书,《澎湖厅图》,,,《台湾府志》,119.570,23.560,澎湖厅
1747,区域地图,楷书,楷书,《福清县方括图》,,,《福清县志》,119.370,25.720,福清县
1747,区域地图,楷书,楷书,《福清县海坛图》,,,《福清县志》,119.370,25.720,福清县
1748,区域地图,,楷书,《安东县图》,,,《淮安府志》,119.320,33.990,安东县
1748,区域地图,,楷书,《桃源县图》,,,《淮安府志》,118.500,33.260,桃源县
1751,区域地图,,楷书,《萧山县境之图》,,,《萧山县志》,120.250,30.160,萧山县
1751,区域地图,楷书,楷书,《古田县境全图》,,,《古田县志》,118.740,26.570,古田县
1752,区域地图,楷书,楷书,《镇海县境图》,,,《镇海县志》,121.620,29.950,镇海县
1752,区域地图,楷书,楷书,《胶州舆图》,,,《胶州志》,120.000,36.280,胶州
1752,区域地图,,楷书,《定陶县境图（一）》,,,《定陶县志》（民国五年续刊）,115.570,35.070,定陶县
1752,城市地图,楷书,楷书,《台湾县城池图》,,,《重修台湾县志》,120.200,23.000,台湾县
1752,区域地图,楷书,楷书,《亳州境图》,,,《颍州府志》,115.770,33.840,亳州
1752,区域地图,楷书,楷书,《汀州府属八县总图》,,,《汀州府志》,116.350,25.830,汀州府
1752,区域地图,,楷书,《汀州一府八县总图》,,,《汀州府志》,116.350,25.830,汀州府
1752,区域地图,楷书,楷书,《岩嶂合图》,,,《汀州府志》,116.350,25.830,汀州府
1754,区域地图,楷书,楷书,《高密县境全图》,,,《高密县志》,119.750,36.380,高密县
1754,城市地图,,楷书,《栖霞县城垣图》,,,《栖霞县志》,120.840,37.330,栖霞县
1754,城市地图,楷书,楷书,《福州府城图》,,,《福建通志》,119.290,26.070,福州府
1754,区域地图,楷书,楷书,《永福县疆域图》,,,《福州府志》,118.930,25.860,永福县
1755,区域地图,楷书,楷书,《黄县山川图》,,,《黄县志》,120.500,37.640,黄县
1756,区域地图,楷书,楷书,《彭泽县境全图》,,,《彭泽县志》,116.550,29.890,彭泽县
1756,城市地图,楷书,楷书,《彭泽县治图》,,,《彭泽县志》,116.550,29.890,彭泽县
1757,区域地图,楷书,楷书,《琉球国全图》,,,《中国古代海洋地图举要》,127.670,26.210,琉球国
1757,区域地图,楷书,楷书,《繁昌县新增总山图》,,,《太平府志》,118.190,31.080,繁昌县
1758,区域地图,楷书,楷书,《象山县境图》,,,《象山县志》,121.860,29.470,象山县
1759,区域地图,,楷书,《山东广舆图》,,,《广舆图》,117.120,36.651,山东省
1759,区域地图,,楷书,《阳信县疆域图（一）》,,,《阳信县志》,117.580,37.640,阳信县
1759,区域地图,楷书,楷书,《青城县治之图（二）》,,,《青城县志》（道光二十六年补刻）,117.820,37.170,青城县
1759,区域地图,楷书,楷书,《东乡舆图》,,,《建宁县志》,116.840,26.830,建宁县
1760,区域地图,,楷书,《沂水县图》,,,《沂州府志》,118.630,35.790,沂水县
1760,城市地图,楷书,楷书,《府城图》,,,《泰安府志》,117.110,36.190,泰安府
1760,区域地图,楷书,楷书,《潍县四境疆域图》,,,《潍县志》,119.160,36.710,潍县
1760,区域地图,楷书,楷书,《灵璧县北乡图》,,,《灵璧县志》,117.550,33.540,灵璧县
1762,区域地图,楷书,楷书,《龙泉县境图》,,,《龙泉县志》,119.140,28.070,龙泉县
1762,区域地图,,楷书,《乐陵县疆域图》,,,《乐陵县志》,117.230,37.730,乐陵县
1762,区域地图,楷书,楷书,《福宁府五县全图》,,,《福宁府志》,120.000,26.880,福宁府
1763,区域地图,楷书,楷书,《郯城县境图》,,,《郯城县志》,118.350,34.610,郯城县
1763,区域地图,楷书,楷书,《即墨县境图》,,,《即墨县志》,120.440,36.380,即墨县
1763,区域地图,隶书,楷书,《泉郡五邑总图》,,,《泉郡五邑总图》,118.580,24.900,泉州府
1763,城市地图,隶书,楷书,《泉州府城池图》,,,《泉州府志》,118.580,24.900,泉州府
1763,区域地图,隶书,楷书,《晋江县疆域图》,,,《泉州府志》,118.580,24.900,晋江县
1763,区域地图,隶书,楷书,《南安县疆域图》,,,《泉州府志》,118.380,24.960,南安县
1763,区域地图,隶书,楷书,《惠安县疆域图》,,,《泉州府志》,118.790,25.030,惠安县
1765,区域地图,楷书,楷书,《遂昌县由县达省之图》,,,《遂昌县志》,119.270,28.590,遂昌县
1765,区域地图,楷书,楷书,《沙县图》,,,《延平府志》,117.790,26.390,沙县
1765,城市地图,楷书,楷书,《顺昌县图》,,,《延平府志》,117.810,26.790,顺昌县
1767,区域地图,楷书,楷书,《砀山县舆图》,,,《砀山县志》,116.350,34.420,砀山县
1771,城市地图,楷书,楷书,《东平州城图》,,,《东平州志》,116.270,35.930,东平州
1771,区域地图,楷书,楷书,《歙县全邑山川图》,,,《歙县志》,118.430,29.860,歙县
1773,区域地图,,楷书,《诸暨县境图》,,,《诸暨县志》,120.230,29.710,诸暨县
1773,区域地图,楷书,楷书,《奉邑全图》,,,《奉化县志》,121.400,29.650,奉化县
1774,区域地图,楷书,楷书,《曲阜县城图》,,,《曲阜县志》,116.980,35.580,曲阜县
1776,城市地图,楷书,楷书,《马巷厅治图》,,,《马巷厅志》,118.240,24.610,马巷厅
1778,区域地图,楷书,楷书,《汶上县图》,,,《济宁直隶州志》,116.490,35.730,汶上县
1779,区域地图,,楷书,《青阳县舆地图》,,,《池州府志》,117.840,30.630,青阳县
1779,城市地图,,楷书,《东流县治图》,,,《池州府志》,116.980,30.090,东流县
1781,区域地图,楷书,楷书,《余姚县境图》,,,《余姚志》,121.150,30.040,余姚县
1782,城市地图,楷书,楷书,《泰安城池图》,,,《泰安县志》,117.110,36.190,泰安县
1782,区域地图,楷书,楷书,《丘县地里总图》,,,《丘县志》,115.170,36.820,丘县
1784,区域地图,楷书,楷书,《抚州府图》,,,《大清一统志》,116.350,27.980,抚州府
1784,区域地图,楷书,楷书,《临江府图》,,,《大清一统志》,115.540,28.050,临江府
1784,区域地图,楷书,楷书,《九江府图》,,,《大清一统志》,116.000,29.700,九江府
1784,区域地图,,楷书,《新泰县疆域图》,,,《莱芜县志》,117.659,36.202,新泰县
1784,区域地图,楷书,楷书,《海门厅图》,,,《大清一统志》,121.160,31.880,海门厅
1784,区域地图,楷书,楷书,《常州府图》,,,《大清一统志》,119.970,31.810,常州府
1784,区域地图,楷书,楷书,《海州图》,,,《大清一统志》,119.160,34.590,海州
1784,区域地图,楷书,楷书,《滁州图》,,,《大清一统志》,118.310,32.300,滁州
1784,区域地图,楷书,楷书,《泗州图》,,,《大清一统志》,118.500,33.000,泗州
1785,区域地图,楷书,楷书,《临清直隶州三属总图》,,,《临清直隶州志》,115.711,36.845,临清直隶州
1787,区域地图,楷书,楷书,《永春州属总图》,,,《永春州志》,118.290,25.320,永春州
1787,区域地图,,楷书,《永春州疆域图（二）》,,,《永春州志》,118.290,25.320,永春州
1788,城市地图,楷书,楷书,《鄞县城池图》,,,《鄞县志》,121.549,29.868,鄞县
1788,区域地图,楷书,楷书,《德州境全图》,,,《德州志》,116.350,37.430,德州
1788,区域地图,楷书,楷书,《泗州并虹疆域图》,,,《泗州志》,118.500,33.000,泗州
1792,区域地图,,楷书,《绍兴府境全图》,,,《绍兴府志》,120.580,30.002,绍兴府
1795,区域地图,楷书,楷书,《(六合)县境全纪》,,,《老地图|南京旧影》,118.840,32.340,六合县
1796,区域地图,,楷书,《德平县境图》,,,《德平县志》,117.000,37.600,德平县
1796,区域地图,楷书,楷书,《莒州疆域之图》,,,《莒州志》,118.830,35.580,莒州
1800,区域地图,,楷书,《诏安县舆图》,,,,117.170,23.710,诏安县
1802,区域地图,,楷书,《太昆交界图》,,,《直隶太仓州志》,121.100,31.450,太仓州/昆山县
1802,区域地图,,楷书,《崇明县疆域图（一）》,,,《直隶太仓州志》,121.390,31.620,崇明县
1802,城市地图,,楷书,《崇明县城图》,,,《直隶太仓州志》,121.390,31.620,崇明县
1803,区域地图,,楷书,《山阴县分境图（一）》,,,《山阴县志》（民国铅印本）,120.580,30.002,山阴县
1803,城市地图,楷书,楷书,《山阴县旧城图》,,,《山阴县志》（民国铅印本）,120.580,30.002,山阴县
1807,区域地图,楷书,楷书,《舒城县境全图》,,,《舒城县志》,116.940,31.460,舒城县
1808,区域地图,,楷书,《东昌府各县疆域图（一）》,,,《东昌府志》,115.985,36.456,东昌府
1808,城市地图,楷书,楷书,《平阴县城图》,,,《平阴县城图》,116.450,36.280,平阴县
1808,区域地图,楷书,楷书,《禹城县疆界都里古迹图》,,,《禹城县志》,116.640,36.930,禹城县
1809,区域地图,楷书,楷书,《瑞安县境图》,,,《瑞安县志》,120.650,27.780,瑞安县
1809,区域地图,,楷书,《范县城图》,,,《范县志》（光绪三十三年石印本）,115.500,35.850,范县
1810,区域地图,楷书,楷书、行书,《太平县西北山图》,,,《太平县志》,118.000,30.290,太平县
1810,区域地图,楷书,楷书、行书,《太平县山总图》,,,《太平县志》,118.000,30.290,太平县
1810,城市地图,楷书,楷书,《东台县城池图》,,,《扬州府志》,120.320,32.840,东台县
1810,区域地图,楷书,楷书,《福建全省总图》,,,《南平县志》,118.170,26.630,福建省
1810,城市地图,楷书,楷书,《南平城池图》,,,《南平县志》,118.170,26.630,南平县
1810,区域地图,楷书,楷书,《南向分图》,,,《南平县志》,118.170,26.630,南平县
1811,区域地图,,楷书,《上虞县境图》,,,《上虞县志》,120.870,30.030,上虞县
1811,区域地图,楷书,楷书,《高淳县图》,,,《江宁府志》,118.890,31.320,高淳县
1811,城市地图,楷书,楷书,《江宁府城图》,,,《江宁府志》,118.796,32.060,江宁府
1813,区域地图,楷书,楷书,《高邮州境总图》,,,《高邮州志》,119.430,32.780,高邮州
1814,区域地图,,楷书,《滑县舆图》,,,,114.520,35.580,滑县
1815,区域地图,楷书,楷书,《宁国府六县分界之图》,,,《宁国府志》,118.750,30.950,宁国府
1816,城市地图,楷书,楷书,《云霄厅城池之图》,,,《云霄厅志》,117.330,23.950,云霄厅
1817,城市地图,楷书,楷书,《奉贤县城图》,,,《松江府志》,121.470,30.910,奉贤县
1817,城市地图,,楷书,《金山县治图》,,,《松江府志》,121.340,30.740,金山县
1817,城市地图,楷书,楷书,《青浦县城图》,,,《松江府志》,121.110,31.140,青浦县
1817,城市地图,,楷书,《川沙城图》,,,《松江府志》,121.700,31.190,川沙
1817,区域地图,楷书,楷书,《东台县四境图》,,,《东台县志》,120.320,32.840,东台县
1817,区域地图,楷书,楷书,《丁溪场图》,,,《东台县志》,120.320,32.840,东台县
1818,区域地图,,楷书,《晋阳乡图》,,,《东流县志》,116.980,30.090,东流县
1821,区域地图,,楷书,《怀庆府呈舆图》,,,,112.940,35.080,怀庆府
1821,区域地图,,楷书,《新疆全图》,,,,87.610,43.820,新疆
1822,区域地图,,楷书,《瑞金县境总图》,,,《瑞金县志》,116.020,25.880,瑞金县
1823,区域地图,楷书,楷书,《休宁县境图》,,,《休宁县志》,118.180,29.780,休宁县
1824,区域地图,,楷书,《信丰县境之图》,,,《信丰县志》,114.930,25.380,信丰县
1824,区域地图,,楷书,《石城县境图》,,,《宁都直隶州志》,116.340,26.320,石城县
1824,城市地图,楷书,楷书,《石城县城图》,,,《宁都直隶州志》,116.340,26.320,石城县
1824,区域地图,楷书,楷书,《苏州府九邑全图》,,,《苏州府志》,120.580,31.290,苏州府
1824,区域地图,楷书,楷书,《太湖全图》,,,《苏州府志》,120.580,31.290,太湖
1826,区域地图,行书,楷书,《乐清县境全图》,,,《乐清县志》,120.940,28.120,乐清县
1828,城市地图,,楷书,《嵊县城图》,,,《嵊县志》,120.821,29.588,嵊县
1828,区域地图,,楷书,《嵊县总图》,,,《嵊县志》,120.821,29.588,嵊县
1829,区域地图,楷书,楷书,《温州府图》,,,《大清一统志》,120.650,28.010,温州府
1829,区域地图,楷书,楷书,《台州府图》,,,《大清一统志》,121.144,28.880,台州府
1829,区域地图,楷书,楷书,《绍兴府图》,,,《大清一统志》,120.580,30.002,绍兴府
1829,区域地图,楷书,楷书,《宁波府图》,,,《大清一统志》,121.549,29.868,宁波府
1829,城市地图,楷书,楷书,《东阿县城图》,,,《东阿县志》,116.250,36.330,东阿县
1830,城市地图,,楷书,《来安县城图》,,,《来安县志》,118.430,32.450,来安县
1830,区域地图,,楷书,《永定县四境全图》,,,《永定县志》,116.730,24.720,永定县
1830,区域地图,楷书,楷书,《五里分图（金丰里）》,,,《永定县志》,116.730,24.720,永定县
1830,城市地图,,楷书,《城外图》,,,《永定县志》,116.730,24.720,永定县
1830,城市地图,楷书,楷书,《漳平县城图》,,,《漳平县志》,117.410,25.290,漳平县
1831,城市地图,,楷书,《博平县城宇图》,,,《博平县志》,116.210,36.580,博平县
1831,区域地图,隶书,楷书,《罗源县全图》,,,《罗源县志》,119.540,26.490,罗源县
1832,区域地图,楷书,楷书,《庆元县治图》,,,《中国古地图辑录 浙江省辑（下卷）》,119.050,27.610,庆元县
1832,区域地图,楷书,楷书,《象山县境图》,,,《象山县志》（民国四年重印本）,121.860,29.470,象山县
1833,区域地图,楷书,楷书,《章丘县周汉疆域图》,,,《章丘县志》,117.530,36.710,章丘县
1834,区域地图,,楷书,《沙县北乡地图（二）》,,,《沙县志》,117.790,26.390,沙县
1834,区域地图,,楷书,《沙县两坊图（三）》,,,《沙县志》,117.790,26.390,沙县
1834,区域地图,楷书,楷书,《沙县四都地图》,,,《沙县志》,117.790,26.390,沙县
1834,区域地图,楷书,楷书,《沙县五都地图》,,,《沙县志》,117.790,26.390,沙县
1834,区域地图,楷书,楷书,《沙县十二都图（一）》,,,《沙县志》,117.790,26.390,沙县
1834,区域地图,楷书,楷书,《沙县十四都图》,,,《沙县志》,117.790,26.390,沙县
1834,区域地图,楷书,楷书,《沙县仪奉团图（一）》,,,《沙县志》,117.790,26.390,沙县
1835,区域地图,楷书,楷书,《长清县四境图》,,,《长清县志》,116.720,36.550,长清县
1839,城市地图,,楷书,《济南府城并各衙门总图》,,,《济南府志》,117.120,36.651,济南府
1839,区域地图,,楷书,《济南府属总图》,,,《济南府志》,117.120,36.651,济南府
1839,区域地图,楷书,楷书,《济阳县舆图》,,,《济南府志》,117.030,36.970,济阳县
1839,区域地图,,楷书,《商河县舆地全图》,,,《商河县志》,117.150,37.310,商河县
1839,区域地图,楷书,楷书,《蓬莱县城图》,,,《蓬莱县志》,120.760,37.810,蓬莱县
1839,区域地图,楷书,楷书,《文登县治图》,,,《文登县志》,122.050,37.190,文登县
1845,区域地图,楷书,楷书,《胶州广轮分率开方总图》,,,《重修胶州志》,120.000,36.280,胶州
1845,城市地图,楷书,楷书,《陵县城池图》,,,《陵县志》,116.570,37.330,陵县
1848,区域地图,,楷书,《缙云县志》,,,《中国古地图辑录 浙江省辑（下卷）》,120.050,28.650,缙云县
1848,城市地图,楷书,楷书,《武宁县城池图》,,,《武宁县志》,115.100,29.250,武宁县
1849,区域地图,楷书,楷书,《平度州关厢图》,,,《重修平度州志》,119.950,36.780,平度州
1852,区域地图,,楷书,《四境全图》,,,《重修兴化县志》,119.820,32.920,兴化县
1854,区域地图,楷书,楷书,《长汀县里至总图》,,,《长汀县志》,116.350,25.830,长汀县
1855,区域地图,楷书,楷书,《新疆总图》,,,,87.610,43.820,新疆
1859,区域地图,楷书,楷书,《武定府舆图》,,,《武定府志》,117.510,37.490,武定府
1860,区域地图,楷书,楷书,《万载县境图》,,,《袁州府志》,114.440,28.110,万载县
1863,区域地图,楷书,楷书,《云和县境全图》,,,《云和县志》,119.570,28.110,云和县
1864,区域地图,,楷书,《滕县境图》,,,《滕县志》,117.160,35.100,滕县
1864,区域地图,楷书,楷书,《宁海州境总图》,,,《宁海县志》,121.590,37.380,宁海州
1868,区域地图,楷书,楷书,《福建全图》,,,《福建通志》,119.300,26.080,福建省
1869,区域地图,,楷书,《长乐县方括图》,,,《长乐县志》,119.520,25.960,长乐县
1870,城市地图,楷书,楷书,《靖安县境全图》,,,《靖安县志》,115.360,28.860,靖安县
1870,区域地图,楷书,楷书,《新城县境图》,,,《新城县志》,116.140,27.280,新城县
1870,城市地图,楷书,楷书,《新城县城郭图》,,,《新城县志》,116.140,27.280,新城县
1870,城市地图,楷书,楷书,《乐平县城之图》,,,《乐平县志》,117.120,28.960,乐平县
1870,城市地图,楷书,楷书,《颍上县城之图》,,,《霍邱县志》,116.260,32.620,颍上县
1871,城市地图,楷书,楷书,《进贤县治图》,,,《进贤县志》,116.250,28.370,进贤县
1871,城市地图,楷书,楷书,《乐安县城图》,,,《乐安县志》,115.830,27.430,乐安县
1871,城市地图,楷书,楷书,《乐安县全县图》,,,《乐安县志》,115.830,27.430,乐安县
1871,区域地图,楷书,楷书,《乐安县上乡图》,,,《乐安县志》,115.830,27.430,乐安县
1871,区域地图,楷书,楷书,《乐安县下乡图》,,,《乐安县志》,115.830,27.430,乐安县
1871,区域地图,楷书,楷书,《高安县南北乡合图》,,,《高安县志》,115.370,28.410,高安县
1871,区域地图,,楷书,《分宜县舆地图》,,,《分宜县志》,114.680,27.810,分宜县
1871,区域地图,楷书,楷书,《临江合府疆域形势图》,,,《临江府志》,115.540,28.050,临江府
1871,城市地图,楷书,楷书,《府治城图》,,,《临江府志》,115.540,28.050,临江府
1871,区域地图,楷书,楷书,《清江县疆域形势图》,,,《临江府志》,115.540,28.050,清江县
1871,区域地图,楷书,楷书,《峡江县疆域形势图》,,,《临江府志》,115.140,27.570,峡江县
1871,城市地图,楷书,楷书,《峡江县治城图》,,,《临江府志》,115.140,27.570,峡江县
1871,区域地图,楷书,楷书,《弋阳县都鄙图》,,,《弋阳县志》,117.430,28.380,弋阳县
1871,区域地图,楷书,楷书,《弋阳县里东乡图》,,,《弋阳县志>》,117.430,28.380,弋阳县
1871,区域地图,楷书,楷书,《弋阳县下西乡图》,,,《弋阳县志》,117.430,28.380,弋阳县
1871,城市地图,楷书,楷书,《贵溪县城图》,,,《贵溪县志》,117.200,28.290,贵溪县
1871,区域地图,,楷书,《瑞昌县总图》,,,《瑞昌县志》,115.660,29.670,瑞昌县
1871,区域地图,,楷书,《星子县疆域图（一）》,,,《星子县志》,116.040,29.440,星子县
1871,区域地图,楷书,楷书,《安义县境全图》,,,《安义县志》,115.550,28.840,安义县
1871,区域地图,楷书,楷书,《淮盐产销图》,,,,119.010,33.610,淮安府
1871,区域地图,,楷书,《汜水县舆图》,,,,113.310,34.840,汜水县
1871,城市地图,楷书,楷书,《淡水厅治图》,,,《淡水厅志》,120.960,24.810,淡水厅
1871,区域地图,,楷书,《英山县境图》,,,《六安州志》,115.680,30.730,英山县
1872,区域地图,,楷书,《新昌县四境图》,,,《新昌县志》,120.900,29.490,新昌县
1872,区域地图,,楷书,《浮梁县图》,,,《饶州府志》,117.210,29.350,浮梁县
1872,区域地图,,楷书,《德兴县疆域之图》,,,《德兴县志》,117.570,28.940,德兴县
1872,城市地图,楷书,楷书,《都昌县城图》,,,《都昌县志》,116.200,29.270,都昌县
1872,区域地图,,楷书,《安福县境图》,,,《安福县志》,114.610,27.380,安福县
1872,区域地图,楷书,楷书,《南康县疆域图（一）》,,,《南康县志》,114.750,25.660,南康县
1872,城市地图,楷书,楷书,《赣州府城官廨全图》,,,《赣县志》,114.930,25.850,赣州府
1872,区域地图,楷书,楷书,《赣县全图》,,,《赣县志》,114.930,25.850,赣县
1872,区域地图,,楷书,《上海县浦西乡保图》,,,《上海县志》,121.470,31.230,上海县
1873,区域地图,楷书,楷书,《景宁县乡都总图》,,,《景宁县志》,119.630,27.970,景宁县
1873,城市地图,楷书,楷书,《南昌府治图》,,,《南昌府志》,115.890,28.680,南昌府
1873,区域地图,楷书,楷书,《丰城县治图》,,,《丰城县志》,115.780,28.190,丰城县
1873,区域地图,,楷书,《义宁州乡都总图》,,,《义宁州志》,114.540,29.020,义宁州
1873,区域地图,楷书,楷书,《铜鼓石图》,,,《南昌府志》,114.090,28.520,铜鼓石
1873,区域地图,楷书,楷书,《义宁州高乡图》,,,《义宁州志》,114.540,29.020,义宁州
1873,区域地图,楷书,楷书,《崇仁县青云乡图》,,,《崇仁县志》,116.050,27.760,崇仁县
1873,城市地图,楷书,楷书,《弋阳城图》,,,《广信府志》,117.430,28.380,弋阳县
1873,城市地图,楷书,楷书,《铅山县城图》,,,《铅山县志》,117.710,28.310,铅山县
1873,城市地图,隶书,楷书,《玉山县治图》,,,《玉山县志》,118.240,28.670,玉山县
1873,区域地图,楷书,楷书,《即墨县境图》,,,《即墨县志》,120.440,36.380,即墨县
1874,区域地图,,楷书,《德化县图》,,,《九江府志》,115.900,29.710,德化县
1874,城市地图,,楷书,《湖口县城全图》,,,《湖口县志》,116.260,29.730,湖口县
1874,区域地图,楷书,楷书,《永宁县全境图》,,,《永宁县志》,114.510,26.320,永宁县
1874,区域地图,楷书,楷书,《临邑县四境图》,,,《临邑县志》,116.860,37.190,临邑县
1875,区域地图,楷书,楷书,《松阳县境图》,,,《松阳县志》,119.480,28.450,松阳县
1875,区域地图,楷书,楷书,《青田县境全图》,,,《青田县志》,120.280,28.130,青田县
1875,区域地图,楷书,楷书,《萧县西南乡村寨图》,,,《续萧县志》,116.940,34.180,萧县
1876,区域地图,楷书,楷书,《缙云县境总图》,,,《缙云县志》,120.050,28.650,缙云县
1876,城市地图,楷书,楷书,《景定志抚州治图》,,,《抚州府志》,116.350,27.980,抚州府
1876,区域地图,楷书,楷书,《吉安府境驿递图》,,,《吉安府志》,114.980,27.110,吉安府
1876,城市地图,楷书,楷书,《庐陵县城图》,,,《吉安府志》,114.980,27.110,庐陵县
1876,城市地图,楷书,楷书,《吉水县城图》,,,《吉安府志》,115.130,27.210,吉水县
1876,城市地图,楷书,楷书,《泰和县城图》,,,《吉安府志》,114.900,26.790,泰和县
1876,城市地图,楷书,楷书,《安福县城图》,,,《吉安府志》,114.610,27.380,安福县
1876,城市地图,楷书,楷书,《永宁县城图》,,,《吉安府志》,114.510,26.320,永宁县
1876,城市地图,楷书,楷书,《龙南县城全图》,,,《龙南县志》,114.780,24.910,龙南县
1876,区域地图,楷书,楷书,《长宁县南厢图》,,,《长宁县志》,115.640,24.950,长宁县
1876,区域地图,楷书,楷书,《长宁县三标堡图》,,,《长宁县志》,115.640,24.950,长宁县
1877,区域地图,楷书,楷书,《庆元县一都图》,,,《庆元县志》,119.050,27.610,庆元县
1877,区域地图,楷书,楷书,《云和县境全图》,,,《处州府志》,119.570,28.110,云和县
1877,区域地图,楷书,楷书,《黄岩县成化以后县境图》,,,《黄岩县志》,121.250,28.640,黄岩县
1877,区域地图,楷书,楷书,《长泰县图》,,,《漳州府志》,117.750,24.620,长泰县
1877,区域地图,楷书,楷书,《南靖县图》,,,《漳州府志》,117.350,24.510,南靖县
1878,区域地图,,楷书,《地舆全图》,,,《分疆录》,116.400,39.900,北京市
1878,区域地图,楷书、篆书,楷书,《安徽全省图》,,,《重修安徽通志》,117.220,31.860,安徽省
1878,区域地图,篆书,楷书,《安庆府图》,,,《重修安徽通志》,117.040,30.510,安庆府
1878,区域地图,篆书,楷书,《凤阳府图》,,,《重修安徽通志》,117.550,32.860,凤阳府
1878,区域地图,,楷书,《六安州图》,,,《重修安徽通志》,116.500,31.750,六安州
1879,区域地图,楷书,楷书,《建昌府境总图》,,,《建昌府志》,116.640,27.550,建昌府
1879,区域地图,楷书,楷书,《南城县境图》,,,《建昌府志》,116.640,27.550,南城县
1879,城市地图,楷书,楷书,《广昌县城图》,,,《建昌府志》,116.320,26.830,广昌县
1879,区域地图,楷书,楷书,《宝庆志镇海县境图》,,,《镇海县志》,121.620,29.950,镇海县
1879,区域地图,楷书,楷书,《南丰县境图》,,,《建昌府志》,116.520,27.210,南丰县
1880,区域地图,楷书,楷书,《玉环山图》,,,《玉环厅志》,121.230,28.130,玉环厅
1880,区域地图,楷书,楷书,《菏泽县境古迹图》,,,《菏泽县志》,115.460,35.240,菏泽县
1881,区域地图,,楷书,《登州府图》,,,《增修登州府志》,120.760,37.810,登州府
1881,城市地图,楷书,楷书,《崇明县城图》,,,《直隶太仓州志》,121.390,31.620,崇明县
1881,城市地图,楷书,楷书,《万历志建平县治图》,,,《广德州志》,119.170,31.120,建平县
1882,区域地图,楷书,楷书,《永嘉县境总图》,,,《永嘉县志》,120.690,28.020,永嘉县
1882,区域地图,楷书,楷书,《永嘉县城池坊巷图》,,,《永嘉县志》,120.690,28.020,永嘉县
1882,区域地图,,楷书,《永嘉县境分图（二）》,,,《永嘉县志》,120.690,28.020,永嘉县
1882,区域地图,楷书,楷书,《宜兴县境图》,,,《常州府志》,119.820,31.360,宜兴县
1883,区域地图,楷书,楷书,《利津县境全图》,,,《利津县志》,118.250,37.490,利津县
1883,区域地图,楷书,楷书,《境内外山水总图》,,,《溧水县志》,119.020,31.650,溧水县
1883,城市地图,楷书,楷书,《江都甘泉县治图》,,,《江都县续志》,119.420,32.390,江都县
1883,区域地图,,楷书,《江都县四乡图（二）》,,,《江都县续志》,119.420,32.390,江都县
1884,区域地图,楷书,楷书,《定海厅洞隩庄图》,,,《定海厅志》,122.100,30.010,定海厅
1884,城市地图,楷书,楷书,《定海厅城池图》,,,《定海厅志》,122.100,30.010,定海厅
1884,区域地图,楷书,楷书,《淮安府四境图》,,,《淮安府志》,119.010,33.610,淮安府
1884,区域地图,楷书,楷书,《阜宁县图》,,,《淮安府志》,119.800,33.770,阜宁县
1884,区域地图,楷书,楷书,《临朐县疆域全图（一）》,,,《临朐县志》,118.540,36.510,临朐县
1885,区域地图,篆书,楷书,《庐州府境总图》,,,《续修庐州府志》,117.220,31.860,庐州府
1885,区域地图,,楷书,《合肥县图》,,,《续修庐州府志》,117.220,31.860,合肥县
1885,区域地图,篆书,楷书,《巢县全图》,,,《续修庐州府志》,117.870,31.600,巢县
1886,区域地图,楷书,楷书,《惠民县总图》,,,《惠民县志》,117.510,37.490,惠民县
1886,区域地图,楷书,楷书,《日照县疆域图》,,,《日照县志》,119.460,35.420,日照县
1886,区域地图,楷书,楷书,《日照县附城形胜图》,,,《日照县志》,119.460,35.420,日照县
1886,区域地图,楷书,楷书,《大庾县图》,,,《南安府志》,114.350,25.390,大庾县
1886,区域地图,楷书,楷书,《上犹县图》,,,《南安府志》,114.320,25.790,上犹县
1886,区域地图,楷书,楷书,《睢宁县山川集社全图》,,,《睢宁县志》,117.940,33.910,睢宁县
1886,区域地图,楷书,楷书,《睢宁县全境舆图》,,,《睢宁县志》,117.940,33.910,睢宁县
1886,区域地图,楷书,楷书,《常州府五县总图》,,,《常州府志》,119.970,31.810,常州府
1886,区域地图,楷书,楷书,《宜兴县境图》,,,《常州府志》,119.820,31.360,宜兴县
1886,城市地图,楷书,楷书,《江阴县城图》,,,《常州府志》,120.280,31.900,江阴县
1886,区域地图,楷书,楷书,《靖江县境图》,,,《常州府志》,120.270,32.010,靖江县
1888,区域地图,隶书,楷书,《滋阳县境界图》,,,《滋阳县志》,116.820,35.550,滋阳县
1888,区域地图,楷书,楷书,《赣榆县境总图》,,,《赣榆县志》,119.110,34.830,赣榆县
1888,区域地图,,楷书,《赣榆县南境分图（二）》,,,《赣榆县志》,119.110,34.830,赣榆县
1888,城市地图,楷书,楷书,《赣榆县城图》,,,《赣榆县志》,119.110,34.830,赣榆县
1889,区域地图,楷书,楷书,《鱼台县境图》,,,《鱼台县志》,116.600,35.010,鱼台县
1889,区域地图,,楷书,《宿州境图》,,,《宿州志》,116.980,33.630,宿州
1891,区域地图,,楷书,《沾化县舆地全图》,,,《沾化县志》,118.130,37.690,沾化县
1891,城市地图,楷书,楷书,《肥城县城图》,,,《肥城县志》,116.760,36.170,肥城县
1891,区域地图,,楷书,《青阳县图（三）》,,,《青阳县志》,117.840,30.630,青阳县
1893,城市地图,楷书,楷书,《德平县城池图》,,,《德平县志》,117.000,37.600,德平县
1893,区域地图,楷书,楷书,《郓城县境全图》,,,《郓城县志》,115.940,35.600,郓城县
1893,区域地图,楷书,楷书,《澎湖全图》,,,《澎湖厅志》,119.570,23.560,澎湖
1893,区域地图,楷书,楷书,《沿山形势图》,,,《苗栗县志》,120.810,24.550,苗栗县
1894,城市地图,楷书,楷书,《丰县城图》,,,《丰县志》,116.590,34.690,丰县
1894,区域地图,篆书,楷书,《亳州西北乡图》,,,《亳州志》,115.770,33.840,亳州
1895,区域地图,,楷书,《崇义县舆图》,,,《崇义县志》,114.300,25.680,崇义县
1896,区域地图,楷书,楷书,《遂昌县境图》,,,《遂昌县志》,119.270,28.590,遂昌县
1896,区域地图,楷书,楷书,《绍兴府图》,,,《浙江便览》,120.580,30.002,绍兴府
1896,区域地图,楷书,楷书,《宁波府图》,,,《浙江便览》,121.549,29.868,宁波府
1896,区域地图,楷书,楷书,《高密县城图》,,,《高密县志》,119.750,36.380,高密县
1897,区域地图,楷书,楷书,《西南境山川图》,,,《续修浦城县志》,118.530,27.910,浦城县
1899,区域地图,楷书,楷书,《余姚县境图》,,,《余姚县志》,121.150,30.040,余姚县
1899,区域地图,,楷书,《费县村社图》,,,《费县志》,117.970,35.260,费县
1900,区域地图,楷书,楷书,《开方疆舆图》,,,《寿张县志》,115.900,35.980,寿张县
1904,区域地图,,楷书,《峄境舆地全图（一）》,,,《峄县志》,117.550,34.770,峄县
1904,城市地图,楷书,楷书,《常昭县城图》,,,《重修常昭合志》,120.750,31.650,常昭县
1904,区域地图,楷书,楷书,《沙洲图》,,,《重修常昭合志》,120.750,31.650,沙洲
1905,城市地图,,楷书,《霍山县城池图》,,,《霍山县志》,116.330,31.390,霍山县
1905,区域地图,篆书,楷书,《霍山县分图》,,,《霍山县志》,116.330,31.390,霍山县
1905,区域地图,楷书,楷书,《福建全省总图》,,,《福建全省舆图》,119.300,26.080,福建省
1906,区域地图,楷书,楷书,《江宁府图》,,,《老地图|南京旧影》,118.796,32.060,江宁府
1907,区域地图,,楷书,《高唐州疆域图》,,,《高唐州志》,116.230,36.860,高唐州
1907,区域地图,,楷书,《益都县乐善乡图（三）》,,,《益都县图志》,118.480,36.680,益都县
1908,区域地图,隶书,楷书,《奉化县境图》,,,《奉化县志》,121.400,29.650,奉化县
1908,区域地图,,楷书,《嘉祥县总图》,,,《嘉祥县志》,116.340,35.400,嘉祥县
1908,区域地图,楷书,楷书,《凤阳府图》,,,《凤阳府志》,117.550,32.860,凤阳府
1909,区域地图,楷书,楷书,《恩县城厢详细全图》,,,《重修恩县志》,116.280,37.220,恩县
1910,区域地图,楷书,楷书,《皇清聊城县舆地全图（一）》,,,《聊城县志》,115.985,36.456,聊城县
1910,区域地图,楷书,楷书,《建德县上乡分图》,,,《建德县志》,119.280,29.470,建德县
1911,区域地图,,楷书,《山东全省图》,,,《山东通志》（民国四年刊本）,117.120,36.651,山东省